Start Time,   End Time, Process,            DataPtr,     Process Name ( PID),  ParentPID,  SessionID,          UniqueKey
       MIN,        MAX, Process, 0X000001CBC1735308,             Idle (   0),          0,         -1, 0x0000f802d49cff00
       MIN,        MAX, Process, 0X000001CBBFF31268,           System (   4),          0,         -1, 0x0000a289ba6c2040
       MIN,        MAX, Process, 0X000001CBC175FB38,    Secure System ( 236),          4,         -1, 0x0000a289ba9cc040
       MIN,        MAX, Process, 0X000001CBC17424D8,         Registry ( 280),          4,         -1, 0x0000a289ba9f3040
       MIN,        MAX, Process, 0X000001CBC17426F8,         smss.exe ( 948),          4,         -1, 0x0000a289c39dd040
       MIN,        MAX, Process, 0X000001CBC17E6618,          dwm.exe (1236),       1508,          1, 0x0000a289cc6dd080
       MIN,        MAX, Process, 0X000001CBC176B298,        csrss.exe (1320),       1304,          0, 0x0000a289ca043140
       MIN,        MAX, Process, 0X000001CBC17E6A58,      svchost.exe (1396),       1532,          0, 0x0000a289cc7bc080
       MIN,        MAX, Process, 0X000001CBC174CA98,      wininit.exe (1404),       1304,          0, 0x0000a289cc33e0c0
       MIN,        MAX, Process, 0X000001CBC1783798,        csrss.exe (1412),       1396,          1, 0x0000a289cc340140
       MIN,        MAX, Process, 0X000001CBC178EBF8,     winlogon.exe (1508),       1396,          1, 0x0000a289cc417080
       MIN,        MAX, Process, 0X000001CBC179B9D8,     services.exe (1532),       1404,          0, 0x0000a289cc421080
       MIN,        MAX, Process, 0X000001CBC17A2228,       LsaIso.exe (1584),       1404,          0, 0x0000a289cc4690c0
       MIN,        MAX, Process, 0X000001CBC17A2448,        lsass.exe (1592),       1404,          0, 0x0000a289cc366140
       MIN,        MAX, Process, 0X000001CBC2ABE578,      svchost.exe (1640),       1532,          0, 0x0000a289ca5d1080
       MIN,        MAX, Process, 0X000001CBC17B36B8,      svchost.exe (1748),       1532,          0, 0x0000a289cc52b080
       MIN,        MAX, Process, 0X000001CBC17B38D8,  fontdrvhost.exe (1780),       1404,          0, 0x0000a289cc539080
       MIN,        MAX, Process, 0X000001CBC17CE088,  fontdrvhost.exe (1788),       1508,          1, 0x0000a289ca4f30c0
       MIN,        MAX, Process, 0X000001CBC17D0808,     WUDFHost.exe (1864),       1532,          0, 0x0000a289cc3db0c0
       MIN,        MAX, Process, 0X000001CBC17D0E98,      svchost.exe (1912),       1532,          0, 0x0000a289cc6020c0
       MIN,        MAX, Process, 0X000001CBC17E5958,      svchost.exe (1964),       1532,          0, 0x0000a289cc675080
       MIN,        MAX, Process, 0X000001CBC17E61D8,      svchost.exe (2072),       1532,          0, 0x0000a289ca2a7080
       MIN,        MAX, Process, 0X000001CBC3063088,      Screeni.exe (2088),       9736,          1, 0x0000a289d4b5b080
       MIN,        MAX, Process, 0X000001CBC17E70B8,      svchost.exe (2092),       1532,          0, 0x0000a289c3ca8080
       MIN,        MAX, Process, 0X000001CBC2ABFCD8,      svchost.exe (2100),       1532,          0, 0x0000a289cd3e8080
       MIN,        MAX, Process, 0X000001CBC17E6838,      svchost.exe (2108),       1532,          0, 0x0000a289cc7bb080
       MIN,        MAX, Process, 0X000001CBC17E6C78,      svchost.exe (2116),       1532,          0, 0x0000a289c3cb7080
       MIN,        MAX, Process, 0X000001CBC17E63F8,      svchost.exe (2136),       1532,          0, 0x0000a289cc66d080
       MIN,        MAX, Process, 0X000001CBC2E58388,      svchost.exe (2280),       1532,          0, 0x0000a289dad2d080
       MIN,        MAX, Process, 0X000001CBC2ABDAD8,      svchost.exe (2316),       1532,          0, 0x0000a289ccbbc080
       MIN,        MAX, Process, 0X000001CBC17E5FB8,      svchost.exe (2340),       1532,          0, 0x0000a289cc892080
       MIN,        MAX, Process, 0X000001CBC3062E68,  lghub_agent.exe (2420),      18528,          1, 0x0000a289d58340c0
       MIN,        MAX, Process, 0X000001CBC2E563A8,      svchost.exe (2520),       1532,          0, 0x0000a289d034e080
       MIN,        MAX, Process, 0X000001CBC17E6E98,      svchost.exe (2532),       1532,          0, 0x0000a289cc8c0080
       MIN,        MAX, Process, 0X000001CBC17E5D98,      svchost.exe (2540),       1532,          0, 0x0000a289c0ddc080
       MIN,        MAX, Process, 0X000001CBC30601C8, SecurityHealthSystray.exe (2552),       9736,          1, 0x0000a289d541c080
       MIN,        MAX, Process, 0X000001CBC17E72D8,      svchost.exe (2564),       1532,          0, 0x0000a289c3cc4080
       MIN,        MAX, Process, 0X000001CBC17E5738,      svchost.exe (2692),       1532,          0, 0x0000a289cc9be080
       MIN,        MAX, Process, 0X000001CBC17E5B78,      svchost.exe (2752),       1532,          0, 0x0000a289ca4f10c0
       MIN,        MAX, Process, 0X000001CBC2ABD258,      svchost.exe (2860),       1532,          0, 0x0000a289ca5c6080
       MIN,        MAX, Process, 0X000001CBC305F948,          Dia.exe (2972),      14156,          1, 0x0000a289ce6f0080
       MIN,        MAX, Process, 0X000001CBC2ABF018,      svchost.exe (3252),       1532,          0, 0x0000a289ccec10c0
       MIN,        MAX, Process, 0X000001CBC2ABDCF8,      svchost.exe (3320),       1532,          0, 0x0000a289ccfa80c0
       MIN,        MAX, Process, 0X000001CBC2ABC7B8, NVDisplay.Container.exe (3484),       1532,          0, 0x0000a289cd14e080
       MIN,        MAX, Process, 0X000001CBC2ABFAB8,      svchost.exe (3520),       1532,          0, 0x0000a289cd1a3080
       MIN,        MAX, Process, 0X000001CBC2ABC9D8,      svchost.exe (3528),       1532,          0, 0x0000a289cd1a7080
       MIN,        MAX, Process, 0X000001CBC30614E8,          Dia.exe (3544),      14156,          1, 0x0000a289d52e2080
       MIN,        MAX, Process, 0X000001CBC2ABD038,      svchost.exe (3584),       1532,          0, 0x0000a289cd1de080
       MIN,        MAX, Process, 0X000001CBC2ABCE18,      svchost.exe (3592),       1532,          0, 0x0000a289cd3bd080
       MIN,        MAX, Process, 0X000001CBC2ABDF18,      svchost.exe (3596),       1532,          0, 0x0000a289cd2020c0
       MIN,        MAX, Process, 0X000001CBC2ABF238,      svchost.exe (3704),       1532,          0, 0x0000a289cd29b080
       MIN,        MAX, Process, 0X000001CBC2ABEDF8,      svchost.exe (3744),       1532,          0, 0x0000a289cd2ae080
       MIN,        MAX, Process, 0X000001CBC33D26C8,      Spotify.exe (3816),       9736,          1, 0x0000a289e2057080
       MIN,        MAX, Process, 0X000001CBC2ABCBF8,      svchost.exe (3840),       1532,          0, 0x0000a289cd30f080
       MIN,        MAX, Process, 0X000001CBC2ABEBD8,      svchost.exe (3856),       1532,          0, 0x0000a289cd2f5080
       MIN,        MAX, Process, 0X000001CBC2ABC598,      dasHost.exe (3868),       1640,          0, 0x0000a289cd329080
       MIN,        MAX, Process, 0X000001CBC30623C8,       vgtray.exe (3908),       9736,          1, 0x0000a289cfaad080
       MIN,        MAX, Process, 0X000001CBC2ABE358,      svchost.exe (3984),       1532,          0, 0x0000a289cd34f080
       MIN,        MAX, Process, 0X000001CBC2ABF458,      svchost.exe (4028),       1532,          0, 0x0000a289cd34e080
       MIN,        MAX, Process, 0X000001CBC2ABD478,      audiodg.exe (4100),       3984,          0, 0x0000a289cd4ce080
       MIN,        MAX, Process, 0X000001CBC33D3388,     Grok Bot.exe (4208),       7892,          1, 0x0000a289dc463080
   1848832,        MAX, Process, 0X000001CBC352E7A8, SearchFilterHost.exe (4224),      18892,          0, 0x0000a289de06d080
       MIN,        MAX, Process, 0X000001CBC2ABD698,      svchost.exe (4328),       1532,          0, 0x0000a289cd52d080
       MIN,        MAX, Process, 0X000001CBC2ABE138,      svchost.exe (4364),       1532,          0, 0x0000a289cd58f080
       MIN,        MAX, Process, 0X000001CBC2ABD8B8, NVDisplay.Container.exe (4404),       3484,          1, 0x0000a289cd5a4240
       MIN,        MAX, Process, 0X000001CBC2ABE798,      svchost.exe (4412),       1532,          0, 0x0000a289cd594200
       MIN,        MAX, Process, 0X000001CBC2ABE9B8,      svchost.exe (4628),       1532,          0, 0x0000a289ccc5c080
       MIN,        MAX, Process, 0X000001CBC2ABF898,      dasHost.exe (4768),       1640,          0, 0x0000a289ccd020c0
       MIN,        MAX, Process, 0X000001CBC2ABC158,      svchost.exe (4904),       1532,          0, 0x0000a289ccd88080
       MIN,        MAX, Process, 0X000001CBC2ABC378,      spoolsv.exe (4912),       1532,          0, 0x0000a289cd686080
       MIN,        MAX, Process, 0X000001CBC2BA9898,      svchost.exe (4984),       1532,          0, 0x0000a289cd66e080
       MIN,        MAX, Process, 0X000001CBC2BA78B8,      svchost.exe (5092),       1532,          0, 0x0000a289ccb9f080
       MIN,        MAX, Process, 0X000001CBC2E57288, RuntimeBroker.exe (5320),       1748,          1, 0x0000a289db7b3080
       MIN,        MAX, Process, 0X000001CBC2BA9678,     WmiPrvSE.exe (5340),       1748,          0, 0x0000a289cd8cc080
       MIN,        MAX, Process, 0X000001CBC2BAA778,      svchost.exe (5348),       1532,          0, 0x0000a289cd8b7080
  25358046,        MAX, Process, 0X000001CBC352B4A8,          wpr.exe (5400),      19412,          1, 0x0000a289de11a080
       MIN,        MAX, Process, 0X000001CBC2D195A8,      svchost.exe (5440),       1532,          0, 0x0000a289cb651080
       MIN,        MAX, Process, 0X000001CBC2D1B7A8,      svchost.exe (5476),       1532,          0, 0x0000a289ce6f2080
       MIN,        MAX, Process, 0X000001CBC2BA8DF8,      svchost.exe (5508),       1532,          0, 0x0000a289cd8f7080
       MIN,        MAX, Process, 0X000001CBC2BA9458,      svchost.exe (5516),       1532,          0, 0x0000a289cd8f6080
       MIN,        MAX, Process, 0X000001CBC2BA9AB8, GameInputRedistService.exe (5524),       1532,          0, 0x0000a289cd8f2080
       MIN,        MAX, Process, 0X000001CBC2BA89B8, RtkAudUService64.exe (5544),       1532,          0, 0x0000a289cd8ef080
       MIN,        MAX, Process, 0X000001CBC2BA7478,      svchost.exe (5552),       1532,          0, 0x0000a289cd94c080
       MIN,        MAX, Process, 0X000001CBC2BA7CF8,      svchost.exe (5560),       1532,          0, 0x0000a289cd950080
       MIN,        MAX, Process, 0X000001CBC2BA9238,      svchost.exe (5568),       1532,          0, 0x0000a289cd94b080
       MIN,        MAX, Process, 0X000001CBC2BA6E18, MpDefenderCoreService.exe (5608),       1532,          0, 0x0000a289cd97a080
       MIN,        MAX, Process, 0X000001CBC2BA8BD8,  nvcontainer.exe (5620),       1532,          0, 0x0000a289cd910080
       MIN,        MAX, Process, 0X000001CBC2BA9018,      MsMpEng.exe (5648),       1532,          0, 0x0000a289cd96e080
       MIN,        MAX, Process, 0X000001CBC2BA9CD8, OfficeClickToRun.exe (5656),       1532,          0, 0x0000a289cd975080
       MIN,        MAX, Process, 0X000001CBC2BA7698, logi_lamparray_service.AMD64.exe (5664),       1532,          0, 0x0000a289cd96f080
       MIN,        MAX, Process, 0X000001CBC2BA7AD8, WMIRegistrationService.exe (5676),       1532,          0, 0x0000a289cd972080
       MIN,        MAX, Process, 0X000001CBC2BA7F18,   wslservice.exe (5728),       1532,          0, 0x0000a289cd98e080
       MIN,        MAX, Process, 0X000001CBC2BA8138, lghub_updater.exe (5840),       1532,          0, 0x0000a289cd985080
       MIN,        MAX, Process, 0X000001CBC2BA8358, GameInputRedistService.exe (5860),       5524,          1, 0x0000a289cd9ba080
       MIN,        MAX, Process, 0X000001CBC352DD08,          Dia.exe (5880),      14156,          1, 0x0000a289de177080
       MIN,        MAX, Process, 0X000001CBC2E556E8,    SDXHelper.exe (6128),       1748,          1, 0x0000a289d9fcc080
       MIN,        MAX, Process, 0X000001CBC352D6A8, VBCSCompiler.exe (6236),      22784,          1, 0x0000a289e0068080
       MIN,        MAX, Process, 0X000001CBC2C5AF28, TextInputHost.exe (6424),       1748,          1, 0x0000a289d2692080
       MIN,        MAX, Process, 0X000001CBC2BA8798,      svchost.exe (6712),       1532,          0, 0x0000a289cce29080
       MIN,        MAX, Process, 0X000001CBC2BAA558,      svchost.exe (6720),       1532,          0, 0x0000a289cce1f080
       MIN,    2490444, Process, 0X000001CBC352D8C8,       ctfmon.exe (6740),       4028,          1, 0x0000a289df1db080
       MIN,        MAX, Process, 0X000001CBC2BAA338,      svchost.exe (6816),       1532,          0, 0x0000a289cb6c7080
       MIN,        MAX, Process, 0X000001CBC3062A28,          Dia.exe (6972),      14156,          1, 0x0000a289d274d080
       MIN,        MAX, Process, 0X000001CBC352E148,      Spotify.exe (6988),       3816,          1, 0x0000a289dd5ee080
       MIN,        MAX, Process, 0X000001CBC3060C68,          Dia.exe (7072),      14156,          1, 0x0000a289d3b4a080
       MIN,        MAX, Process, 0X000001CBC305FFA8,          Dia.exe (7136),      14156,          1, 0x0000a289d408c080
       MIN,        MAX, Process, 0X000001CBC352EBE8,      svchost.exe (7356),       1532,          0, 0x0000a289dc9b2080
       MIN,        MAX, Process, 0X000001CBC2BAA118,      svchost.exe (7404),       1532,          0, 0x0000a289cb234080
       MIN,        MAX, Process, 0X000001CBC2E57068,     Grok Bot.exe (7892),       9736,          1, 0x0000a289db42a080
       MIN,        MAX, Process, 0X000001CBC2BA9EF8,     rundll32.exe (7912),       1748,          1, 0x0000a289cb6aa080
       MIN,        MAX, Process, 0X000001CBC2BA6BF8, gamingservicesnet.exe (7964),       1532,          0, 0x0000a289cb6e8080
       MIN,        MAX, Process, 0X000001CBC2BA7038, gamingservices.exe (8040),       1532,          0, 0x0000a289cb7e2080
       MIN,        MAX, Process, 0X000001CBC33D3C08,     Grok Bot.exe (8220),       7892,          1, 0x0000a289dc683080
       MIN,        MAX, Process, 0X000001CBC2BA7258,       sihost.exe (8268),       2860,          1, 0x0000a289cb8230c0
       MIN,        MAX, Process, 0X000001CBC2BA8578,      svchost.exe (8320),       1532,          1, 0x0000a289cb840080
       MIN,        MAX, Process, 0X000001CBC2D1A268,      svchost.exe (8332),       1532,          1, 0x0000a289cc8f5080
       MIN,        MAX, Process, 0X000001CBC352BD28,      Spotify.exe (8484),       3816,          1, 0x0000a289da9cf080
       MIN,        MAX, Process, 0X000001CBC2D19168,      svchost.exe (8596),       1532,          1, 0x0000a289cb865080
       MIN,        MAX, Process, 0X000001CBC2D18F48,      svchost.exe (8672),       1532,          1, 0x0000a289cb87b080
       MIN,        MAX, Process, 0X000001CBC2E57F48, WidgetService.exe (8708),       1748,          1, 0x0000a289d018c080
       MIN,        MAX, Process, 0X000001CBC2D1BBE8,      wlanext.exe (8724),       4364,          0, 0x0000a289cb5f3080
       MIN,        MAX, Process, 0X000001CBC2D1A8C8,      svchost.exe (8732),       1532,          0, 0x0000a289cb5f2080
       MIN,        MAX, Process, 0X000001CBC2D197C8,    taskhostw.exe (8800),       2564,          1, 0x0000a289cb9ae080
       MIN,        MAX, Process, 0X000001CBC2C5AAE8, steamwebhelper.exe (8852),      15268,          1, 0x0000a289d0675080
       MIN,        MAX, Process, 0X000001CBC2ABF678, OverwolfBrowser.exe (8920),      20892,          1, 0x0000a289d5dc6080
       MIN,        MAX, Process, 0X000001CBC2E585A8,     Grok Bot.exe (9040),       7892,          1, 0x0000a289dadc2080
       MIN,        MAX, Process, 0X000001CBC2D19388,      svchost.exe (9160),       1532,          0, 0x0000a289cd903080
       MIN,        MAX, Process, 0X000001CBC2D1B588,      svchost.exe (9180),       1532,          0, 0x0000a289ce131080
       MIN,        MAX, Process, 0X000001CBC2D1A488,      svchost.exe (9340),       1532,          0, 0x0000a289ced70080
       MIN,        MAX, Process, 0X000001CBC2D1A048,      svchost.exe (9408),       1532,          0, 0x0000a289cee60080
       MIN,        MAX, Process, 0X000001CBC2D1A6A8,      svchost.exe (9412),       1532,          0, 0x0000a289ce66f080
       MIN,        MAX, Process, 0X000001CBC2E574A8,     Grok Bot.exe (9576),       7892,          1, 0x0000a289db27a080
       MIN,        MAX, Process, 0X000001CBC2C5B7A8, msedgewebview2.exe (9584),      13160,          1, 0x0000a289ce6c3080
       MIN,        MAX, Process, 0X000001CBC2D18B08,     explorer.exe (9736),       9568,          1, 0x0000a289ce35d080
       MIN,        MAX, Process, 0X000001CBC2D18068,    ShellHost.exe (9784),       8268,          1, 0x0000a289ce675080
       MIN,        MAX, Process, 0X000001CBC2E56188, OverwolfHelper.exe (9800),      20892,          1, 0x0000a289d6331080
       MIN,        MAX, Process, 0X000001CBC2D199E8, CrossDeviceResume.exe (9960),       8268,          1, 0x0000a289ce6d0080
       MIN,        MAX, Process, 0X000001CBC2E55908,      svchost.exe (10000),       1532,          0, 0x0000a289d6ced080
       MIN,        MAX, Process, 0X000001CBC2C5DDE8, msedgewebview2.exe (10120),      13160,          1, 0x0000a289d01df080
       MIN,        MAX, Process, 0X000001CBC2D19E28,      svchost.exe (10144),       1532,          0, 0x0000a289cea44080
       MIN,        MAX, Process, 0X000001CBC2D18D28,       NgcIso.exe (10192),       9340,          0, 0x0000a289cf044080
       MIN,        MAX, Process, 0X000001CBC2C5AD08,        steam.exe (10200),       9736,          1, 0x0000a289d088c080
       MIN,        MAX, Process, 0X000001CBC2D188E8,      svchost.exe (10216),       1532,          1, 0x0000a289ce8730c0
       MIN,        MAX, Process, 0X000001CBC2D19C08,      svchost.exe (10468),       1532,          0, 0x0000a289cf206080
       MIN,        MAX, Process, 0X000001CBC2D1AAE8,      svchost.exe (10588),       1532,          0, 0x0000a289cf35a080
       MIN,        MAX, Process, 0X000001CBC33D39E8, ApplicationFrameHost.exe (10780),       1748,          1, 0x0000a289dc9ee080
       MIN,        MAX, Process, 0X000001CBC2C5C028, RuntimeBroker.exe (10812),       1748,          1, 0x0000a289d05590c0
       MIN,        MAX, Process, 0X000001CBC352C9E8,      Spotify.exe (10868),       3816,          1, 0x0000a289df1ec080
       MIN,        MAX, Process, 0X000001CBC2D1B9C8,   SearchHost.exe (10956),       1748,          1, 0x0000a289cf2d7080
       MIN,        MAX, Process, 0X000001CBC2D1AD08, StartMenuExperienceHost.exe (10964),       1748,          1, 0x0000a289cf43f080
       MIN,        MAX, Process, 0X000001CBC2E587C8,     Grok Bot.exe (11028),       7892,          1, 0x0000a289dbd46080
       MIN,        MAX, Process, 0X000001CBC2D1AF28,  WidgetBoard.exe (11160),       1748,          1, 0x0000a289cf5f6080
       MIN,        MAX, Process, 0X000001CBC2C5C688, msedgewebview2.exe (11168),      13160,          1, 0x0000a289ce880080
       MIN,        MAX, Process, 0X000001CBC2E55D48,      svchost.exe (11364),       1532,          0, 0x0000a289d8881080
       MIN,        MAX, Process, 0X000001CBC2D18288,  nvcontainer.exe (11376),       5620,          1, 0x0000a289cf7d6080
       MIN,        MAX, Process, 0X000001CBC2D1B148,  nvcontainer.exe (11476),       5620,          1, 0x0000a289cfa1f080
       MIN,        MAX, Process, 0X000001CBC2D1B368, RuntimeBroker.exe (11520),       1748,          1, 0x0000a289cfa15080
  10457101,   13762186, Process, 0X000001CBC352B068,   powershell.exe (11592),       8220,          1, 0x0000a289dbd49240
       MIN,        MAX, Process, 0X000001CBC2D184A8,      svchost.exe (11596),       1532,          1, 0x0000a289cfaa7080
       MIN,        MAX, Process, 0X000001CBC2E57D28,         Blip.exe (11728),      10980,          1, 0x0000a289d3dc70c0
       MIN,        MAX, Process, 0X000001CBC3060E88,          Dia.exe (11936),      14156,          1, 0x0000a289d4518080
       MIN,        MAX, Process, 0X000001CBC2C5D568, msedgewebview2.exe (12032),      13160,          1, 0x0000a289ce791080
       MIN,        MAX, Process, 0X000001CBC352CC08,      Spotify.exe (12092),       3816,          1, 0x0000a289c32da080
       MIN,     224000, Process, 0X000001CBC352B8E8,          wpr.exe (12220),      19412,          1, 0x0000a289dfe54080
       MIN,        MAX, Process, 0X000001CBC2E578E8,   AppActions.exe (12324),       1748,          1, 0x0000a289d6149080
       MIN,        MAX, Process, 0X000001CBC2E576C8,     Grok Bot.exe (12440),       7892,          1, 0x0000a289db788080
       MIN,        MAX, Process, 0X000001CBC2E58168,      svchost.exe (12512),       1532,          0, 0x0000a289d5daa0c0
       MIN,        MAX, Process, 0X000001CBC352E9C8, SearchProtocolHost.exe (12672),      18892,          0, 0x0000a289e1c4f080
       MIN,        MAX, Process, 0X000001CBC352C7C8,      conhost.exe (12712),      17588,          1, 0x0000a289dfe130c0
       MIN,        MAX, Process, 0X000001CBC2D186C8, msedgewebview2.exe (13160),      10956,          1, 0x0000a289d0191080
       MIN,        MAX, Process, 0X000001CBC2C5A6A8, msedgewebview2.exe (13292),      13160,          1, 0x0000a289d026f080
       MIN,        MAX, Process, 0X000001CBC2C5D128, crashpad_handler.exe (13580),      14156,          1, 0x0000a289d09b3080
       MIN,        MAX, Process, 0X000001CBC33D3168, gameoverlayui64.exe (14104),      10200,          1, 0x0000a289e0beb0c0
       MIN,        MAX, Process, 0X000001CBC2C5CAC8,          Dia.exe (14132),      14156,          1, 0x0000a289d0a74080
       MIN,        MAX, Process, 0X000001CBC2C5CF08,       NisSrv.exe (14136),       1532,          0, 0x0000a289d0132080
       MIN,        MAX, Process, 0X000001CBC2C5E008,          Dia.exe (14156),       9736,          1, 0x0000a289d012e080
       MIN,        MAX, Process, 0X000001CBC2C5A488,          Dia.exe (14228),      14156,          1, 0x0000a289d0a17080
       MIN,        MAX, Process, 0X000001CBC2C5BE08,       ctfmon.exe (14256),       4028,          1, 0x0000a289cfba3080
       MIN,        MAX, Process, 0X000001CBC2C5C8A8,          Dia.exe (14396),      14156,          1, 0x0000a289d08d4080
       MIN,        MAX, Process, 0X000001CBC305F508,   FanControl.exe (14468),       2564,          1, 0x0000a289d507b080
       MIN,        MAX, Process, 0X000001CBC2C5B9C8,      Discord.exe (14492),      13620,          1, 0x0000a289d09d0080
       MIN,        MAX, Process, 0X000001CBC2E55B28,      svchost.exe (14892),       1532,          0, 0x0000a289d6bb9080
       MIN,        MAX, Process, 0X000001CBC2C5D788,          Dia.exe (14968),      14156,          1, 0x0000a289d04b5080
       MIN,        MAX, Process, 0X000001CBC2C5A8C8,      Discord.exe (15004),      14492,          1, 0x0000a289d03ee0c0
       MIN,        MAX, Process, 0X000001CBC2C5BBE8,      Discord.exe (15200),      14492,          1, 0x0000a289d0a92080
       MIN,        MAX, Process, 0X000001CBC2C5C248,      Discord.exe (15232),      14492,          1, 0x0000a289d0fdc080
       MIN,        MAX, Process, 0X000001CBC2C5D9A8, steamwebhelper.exe (15268),      10200,          1, 0x0000a289d0c2e080
       MIN,        MAX, Process, 0X000001CBC30621A8,      Latenci.exe (15284),       2564,          1, 0x0000a289d5075080
       MIN,        MAX, Process, 0X000001CBC2C5C468, steamservice.exe (15392),       1532,          0, 0x0000a289d20e4080
       MIN,        MAX, Process, 0X000001CBC2C5CCE8, steamwebhelper.exe (15404),      15268,          1, 0x0000a289d20e1080
       MIN,        MAX, Process, 0X000001CBC2C5DBC8, steamwebhelper.exe (15744),      15268,          1, 0x0000a289d0348080
       MIN,        MAX, Process, 0X000001CBC2E565C8,      svchost.exe (15844),       1532,          1, 0x0000a289db7f1240
       MIN,        MAX, Process, 0X000001CBC2C5D348, steamwebhelper.exe (16164),      15268,          1, 0x0000a289d28e2080
       MIN,        MAX, Process, 0X000001CBC2C5B588, steamwebhelper.exe (16248),      15268,          1, 0x0000a289d28df080
       MIN,        MAX, Process, 0X000001CBC2E552A8, OverwolfBrowser.exe (16776),      20892,          1, 0x0000a289d5278080
       MIN,        MAX, Process, 0X000001CBC2E55F68,     unsecapp.exe (16792),       1748,          1, 0x0000a289d527e080
       MIN,        MAX, Process, 0X000001CBC2C5B148,      Discord.exe (16820),      14492,          1, 0x0000a289cfb56080
       MIN,        MAX, Process, 0X000001CBC2E589E8, OverwolfBrowser.exe (16944),      20892,          1, 0x0000a289d5d230c0
       MIN,        MAX, Process, 0X000001CBC2C5B368,          Dia.exe (17044),      14156,          1, 0x0000a289cffbd080
       MIN,        MAX, Process, 0X000001CBC305F728,          Dia.exe (17236),      14156,          1, 0x0000a289d0f020c0
       MIN,        MAX, Process, 0X000001CBC305FB68,          Dia.exe (17288),      14156,          1, 0x0000a289d3086080
       MIN,        MAX, Process, 0X000001CBC3061F88,          Dia.exe (17316),      14156,          1, 0x0000a289d308a0c0
       MIN,        MAX, Process, 0X000001CBC3061928,          Dia.exe (17332),      14156,          1, 0x0000a289ce096080
       MIN,        MAX, Process, 0X000001CBC352E368,   powershell.exe (17588),       8220,          1, 0x0000a289d91f4240
       MIN,        MAX, Process, 0X000001CBC3060A48,          Dia.exe (17664),      14156,          1, 0x0000a289cde6d080
       MIN,        MAX, Process, 0X000001CBC33D35A8, SystemSettings.exe (17804),       1748,          1, 0x0000a289dadce0c0
       MIN,        MAX, Process, 0X000001CBC2E567E8, backgroundTaskHost.exe (17864),       1748,          1, 0x0000a289d90b1080
       MIN,        MAX, Process, 0X000001CBC30625E8,          Dia.exe (18008),      14156,          1, 0x0000a289d3131080
       MIN,        MAX, Process, 0X000001CBC33D2D28,     Grok Bot.exe (18176),       7892,          1, 0x0000a289dc45d080
       MIN,        MAX, Process, 0X000001CBC30603E8,      Discord.exe (18396),      14492,          1, 0x0000a289d3747080
       MIN,        MAX, Process, 0X000001CBC3061B48,          Dia.exe (18424),      14156,          1, 0x0000a289ce092080
       MIN,        MAX, Process, 0X000001CBC3061708, agent-server.exe (18476),      14156,          1, 0x0000a289cb11f080
       MIN,        MAX, Process, 0X000001CBC3062C48, lghub_system_tray.exe (18528),       9736,          1, 0x0000a289d5646080
  10474304,   13766222, Process, 0X000001CBC352B288,      conhost.exe (18664),      11592,          1, 0x0000a289e1c5d240
       MIN,        MAX, Process, 0X000001CBC3060608,      svchost.exe (18676),       1532,          0, 0x0000a289d3752080
       MIN,        MAX, Process, 0X000001CBC3061D68, SearchIndexer.exe (18892),       1532,          0, 0x0000a289d4087080
       MIN,        MAX, Process, 0X000001CBC3060828,      conhost.exe (19084),      18476,          1, 0x0000a289d20df080
       MIN,        MAX, Process, 0X000001CBC352DF28,   powershell.exe (19392),      17588,          1, 0x0000a289d8b97080
       MIN,        MAX, Process, 0X000001CBC352C388,   powershell.exe (19412),      19392,          1, 0x0000a289df1d1080
       MIN,        MAX, Process, 0X000001CBC352D048,          Dia.exe (19496),      14156,          1, 0x0000a289e19530c0
       MIN,        MAX, Process, 0X000001CBC3062808, SecurityHealthService.exe (19688),       1532,          0, 0x0000a289cf43c080
       MIN,        MAX, Process, 0X000001CBC33D2288,      valheim.exe (19912),      10200,          1, 0x0000a289cacad080
       MIN,        MAX, Process, 0X000001CBC352E588,      conhost.exe (19956),      19412,          1, 0x0000a289de14f080
       MIN,        MAX, Process, 0X000001CBC30610A8,          Dia.exe (19984),      14156,          1, 0x0000a289cf854080
       MIN,        MAX, Process, 0X000001CBC305FD88,          Dia.exe (20116),      14156,          1, 0x0000a289cd4bd080
       MIN,        MAX, Process, 0X000001CBC30612C8,      svchost.exe (20464),       1532,          0, 0x0000a289d4fde080
       MIN,        MAX, Process, 0X000001CBC2E58C08,     Overwolf.exe (20892),      20816,          1, 0x0000a289d374b080
  37422854,   38433284, Process, 0X000001CBC352BF48,    taskhostw.exe (20988),       2564,          0, 0x0000a289e00970c0
       MIN,        MAX, Process, 0X000001CBC2E554C8, steamwebhelper.exe (21228),      15268,          1, 0x0000a289d79e70c0
       MIN,        MAX, Process, 0X000001CBC2E56A08, OverwolfBrowser.exe (21320),      20892,          1, 0x0000a289cd15a080
       MIN,        MAX, Process, 0X000001CBC33D37C8, UnityCrashHandler64.exe (21468),      19912,          1, 0x0000a289db3d8080
       MIN,        MAX, Process, 0X000001CBC2E57B08, OverwolfHelper64.exe (21540),      20892,          1, 0x0000a289ce6fb080
       MIN,        MAX, Process, 0X000001CBC2E56E48, MicrosoftStartFeedProvider.exe (21676),       1748,          1, 0x0000a289d6cc5080
       MIN,        MAX, Process, 0X000001CBC33D2B08,     Grok Bot.exe (21944),       7892,          1, 0x0000a289dbd080c0
       MIN,        MAX, Process, 0X000001CBC2E56C28,      svchost.exe (22276),       1532,          0, 0x0000a289d6741080
       MIN,        MAX, Process, 0X000001CBC33D28E8,          Dia.exe (22344),      14156,          1, 0x0000a289db7c90c0
       MIN,        MAX, Process, 0X000001CBC2E55088,      svchost.exe (22436),       1532,          0, 0x0000a289d6f430c0
       MIN,        MAX, Process, 0X000001CBC33D24A8, GameBarPresenceWriter.exe (22676),       1748,          1, 0x0000a289de7f3240
       MIN,    9868149, Process, 0X000001CBC352DAE8,      msiexec.exe (22744),       1532,          0, 0x0000a289e0069080
       MIN,        MAX, Process, 0X000001CBC33D2F48,      svchost.exe (22832),       1532,          1, 0x0000a289e1e020c0
       MIN,        MAX, Process, 0X000001CBC33D2068,      Spotify.exe (22888),       3816,          1, 0x0000a289e05f0080
       MIN,        MAX, Process, 0X000001CBC352D488,      Spotify.exe (23520),       3816,          1, 0x0000a289de7f4080
       MIN,        MAX, Process, 0X000001CBC352C5A8,      conhost.exe (23784),       6236,          1, 0x0000a289d8baa080
